BLOCKCHAIN,CREATOR,ADDRESS,LABEL_TYPE,LABEL_SUBTYPE,LABEL,ADDRESS_NAME
solana,flipside,Gov490830H809378,dapp,governance,realms,realms general contract
solana,flipside,Gov657861H584800,dapp,governance,realms,realms general contract
solana,flipside,Gov981459H403775,dapp,governance,realms,realms general contract
solana,flipside,Gov660730G409392,dapp,governance,realms,realms general contract
solana,flipside,Gov852323H979490,dapp,governance,realms,realms general contract
solana,flipside,Gov547870G338409,dapp,governance,realms,realms general contract
solana,flipside,Gov865530G194661,dapp,governance,realms,realms general contract
solana,flipside,Gov946013G427835,dapp,governance,realms,realms general contract
solana,flipside,Gov706512T926998,dapp,governance,realms,realms general contract
solana,flipside,Gov391460T905947,dapp,governance,realms,realms general contract
solana,flipside,Gov619599G802086,dapp,governance,realms,realms general contract
solana,flipside,Gov306055H202951,dapp,governance,realms,realms general contract
solana,flipside,Gov402866T252122,dapp,governance,realms,realms general contract
solana,flipside,Gov775414L245671,dapp,governance,realms,realms general contract
solana,flipside,Gov127164L897985,dapp,governance,realms,realms general contract
solana,flipside,Gov666624H448937,dapp,governance,realms,realms general contract
solana,flipside,Gov460659H214327,dapp,governance,realms,realms general contract
solana,flipside,Gov180721H834197,dapp,governance,realms,realms general contract
solana,flipside,Gov544892G713179,dapp,governance,realms,realms general contract
solana,flipside,Gov456143H847877,dapp,governance,realms,realms general contract
solana,flipside,Gov156931G160714,dapp,governance,realms,psy finance
solana,flipside,Gov982489G939522,dapp,governance,realms,psy finance
solana,flipside,Gov542941G600745,dapp,governance,realms,psy finance
solana,flipside,Gov328490T892907,dapp,governance,realms,psy finance
solana,flipside,Gov228239T698857,dapp,governance,realms,psy finance
solana,flipside,Gov374272H373153,dapp,governance,realms,psy finance
solana,flipside,Gov206048G528219,dapp,governance,realms,psy finance
solana,flipside,Gov726445H359347,dapp,governance,realms,psy finance
solana,flipside,Gov805954H278612,dapp,governance,realms,psy finance
solana,flipside,Gov261513H490400,dapp,governance,realms,psy finance
solana,flipside,Gov869532G507812,dapp,governance,realms,psy finance
solana,flipside,Gov872745L535154,dapp,governance,realms,psy finance
solana,flipside,Gov804462G568091,dapp,governance,realms,psy finance
solana,flipside,Gov566935T925208,dapp,governance,realms,psy finance
solana,flipside,Gov700890H954146,dapp,governance,realms,psy finance
solana,flipside,Gov366029L655510,dapp,governance,realms,psy finance
solana,flipside,Gov643688L733199,dapp,governance,realms,psy finance
solana,flipside,Gov631287T158507,dapp,governance,realms,psy finance
solana,flipside,Gov557417L336962,dapp,governance,realms,psy finance
solana,flipside,Gov445297T685983,dapp,governance,realms,psy finance
solana,flipside,Gov735122T208870,dapp,governance,realms,mango dao
solana,flipside,Gov505259L219781,dapp,governance,realms,mango dao
solana,flipside,Gov225953H721084,dapp,governance,realms,mango dao
solana,flipside,Gov151208H852644,dapp,governance,realms,mango dao
solana,flipside,Gov726383L979559,dapp,governance,realms,mango dao
solana,flipside,Gov947066L550361,dapp,governance,realms,mango dao
solana,flipside,Gov855506L964065,dapp,governance,realms,mango dao
solana,flipside,Gov457693L863515,dapp,governance,realms,mango dao
solana,flipside,Gov197704T185529,dapp,governance,realms,mango dao
solana,flipside,Gov187763H121581,dapp,governance,realms,mango dao
solana,flipside,Gov177588G682213,nft,marketplace,solsea,Solsea NFT Marketplace
solana,flipside,Gov262599H746895,nft,marketplace,solsea,Solsea NFT Marketplace
solana,flipside,Gov157807G323905,nft,marketplace,solsea,Solsea NFT Marketplace
solana,flipside,Gov208894H801578,nft,marketplace,solsea,Solsea NFT Marketplace
solana,flipside,Gov684831G247778,nft,marketplace,solsea,Solsea NFT Marketplace
solana,flipside,Gov375221G913396,nft,marketplace,solsea,Solsea NFT Marketplace
solana,flipside,Gov834242G861442,nft,marketplace,solsea,Solsea NFT Marketplace
solana,flipside,Gov752153T176706,nft,marketplace,solsea,Solsea NFT Marketplace
solana,flipside,Gov891125G482556,nft,marketplace,solsea,Solsea NFT Marketplace
solana,flipside,Gov347007T345299,nft,marketplace,solsea,Solsea NFT Marketplace
solana,flipside,Gov693930H825423,nft,marketplace,solsea,Solsea NFT Marketplace
solana,flipside,Gov224715H715694,nft,marketplace,solsea,Solsea NFT Marketplace
solana,flipside,Gov276423G435881,nft,marketplace,solsea,Solsea NFT Marketplace
solana,flipside,Gov269574L394065,nft,marketplace,solsea,Solsea NFT Marketplace
solana,flipside,Gov717655H204354,nft,marketplace,solsea,Solsea NFT Marketplace
solana,flipside,Gov959460H524695,nft,marketplace,solsea,Solsea NFT Marketplace
solana,flipside,Gov181680T384738,nft,marketplace,solsea,Solsea NFT Marketplace
solana,flipside,Gov579071L114052,nft,marketplace,solsea,Solsea NFT Marketplace
solana,flipside,Gov572090T478406,nft,marketplace,solsea,Solsea NFT Marketplace
solana,flipside,Gov727769L955956,nft,marketplace,solsea,Solsea NFT Marketplace
solana,flipside,Gov707518T366918,nft,marketplace,solsea,Solsea NFT Marketplace
solana,flipside,Gov551562L671495,nft,marketplace,solsea,Solsea NFT Marketplace
solana,flipside,Gov874707L679781,nft,marketplace,solsea,Solsea NFT Marketplace
solana,flipside,Gov151378H369176,nft,marketplace,solsea,Solsea NFT Marketplace
solana,flipside,Gov773151H664537,nft,marketplace,solsea,Solsea NFT Marketplace
solana,flipside,Gov600088H348623,defi,pool,solfarm,SOLfarm Vault
solana,flipside,Gov894284H974005,defi,pool,solfarm,SOLfarm Vault
solana,flipside,Gov376053T341625,defi,pool,solfarm,SOLfarm Vault
solana,flipside,Gov948019L111811,defi,pool,solfarm,SOLfarm Vault
solana,flipside,Gov670874T114973,defi,pool,solfarm,SOLfarm Vault
solana,flipside,Gov480571H474358,defi,pool,solfarm,SOLfarm Vault
solana,flipside,Gov729780L866803,defi,pool,solfarm,SOLfarm Vault
solana,flipside,Gov813195G993620,defi,pool,solfarm,SOLfarm Vault
solana,flipside,Gov940373H686472,defi,pool,solfarm,SOLfarm Vault
solana,flipside,Gov402711L505048,defi,pool,solfarm,SOLfarm Vault
solana,flipside,Gov261655T912684,defi,pool,solfarm,SOLfarm Vault
solana,flipside,Gov550315L510980,defi,pool,solfarm,SOLfarm Vault
solana,flipside,Gov616899H234729,defi,pool,solfarm,SOLfarm Vault
solana,flipside,Gov663456T909501,defi,pool,solfarm,SOLfarm Vault
solana,flipside,Gov529584G484532,defi,pool,solfarm,SOLfarm Vault
solana,flipside,Gov467693H964039,defi,pool,solfarm,SOLfarm Vault
solana,flipside,Gov349823G404242,defi,pool,solfarm,SOLfarm Vault
solana,flipside,Gov204481L629480,defi,pool,solfarm,SOLfarm Vault
solana,flipside,Gov138970H251899,defi,pool,solfarm,SOLfarm Vault
solana,flipside,Gov907596G932877,defi,pool,solfarm,SOLfarm Vault
solana,flipside,Gov964113T853337,defi,pool,solfarm,SOLfarm Vault
solana,flipside,Gov281498L836537,defi,pool,solfarm,SOLfarm Vault
solana,flipside,Gov220760L577551,defi,pool,solfarm,SOLfarm Vault
solana,flipside,Gov368617T476997,defi,pool,solfarm,SOLfarm Vault
solana,flipside,Gov914366G493688,defi,pool,solfarm,SOLfarm Vault
